date,sector,signal_etf,event_type,old_value,new_value,total_score,signal_state,rank,notes
2025-10-03,Biotechnology,XBI,Rank #1 End,1,2,2,Neutral,2,
2025-10-09,Biotechnology,XBI,Rank #1 Start,2,1,1,Neutral,1,
2025-10-10,Biotechnology,XBI,Rank #1 End,1,2,1,Neutral,2,
2025-10-13,Biotechnology,XBI,Rank #1 Start,2,1,1,Neutral,1,
2025-10-14,Biotechnology,XBI,Rank #1 End,1,2,1,Neutral,2,
2025-10-15,Biotechnology,XBI,Rank #1 Start,2,1,2,Neutral,1,
2025-10-17,Biotechnology,XBI,Rank #1 End,1,2,2,Neutral,2,
2025-10-20,Biotechnology,XBI,Signal Change,Neutral,Bull,3,Bull,1,
2025-10-20,Biotechnology,XBI,Rank #1 Start,2,1,3,Bull,1,
2025-10-22,Biotechnology,XBI,Signal Change,Bull,Neutral,2,Neutral,1,
2025-10-23,Biotechnology,XBI,Rank #1 End,1,2,1,Neutral,2,
2025-10-27,Biotechnology,XBI,Rank #1 Start,2,1,2,Neutral,1,
2025-10-28,Biotechnology,XBI,Rank #1 End,1,3,2,Neutral,3,
2025-10-30,Biotechnology,XBI,Signal Change,Neutral,Bull,3,Bull,2,
2025-10-31,Biotechnology,XBI,Signal Change,Bull,Neutral,1,Neutral,2,
2025-11-06,Biotechnology,XBI,Rank #1 Start,2,1,1,Neutral,1,
2025-11-10,Biotechnology,XBI,Rank #1 End,1,2,1,Neutral,2,
2025-11-11,Biotechnology,XBI,Signal Change,Neutral,Bull,4,Bull,2,
2025-11-12,Biotechnology,XBI,Rank #1 Start,2,1,4,Bull,1,
2025-11-13,Biotechnology,XBI,Signal Change,Bull,Neutral,1,Neutral,4,
2025-11-13,Biotechnology,XBI,Rank #1 End,1,4,1,Neutral,4,
2025-11-14,Biotechnology,XBI,Signal Change,Neutral,Bull,4,Bull,1,
2025-11-14,Biotechnology,XBI,Rank #1 Start,4,1,4,Bull,1,
2025-11-19,Biotechnology,XBI,Signal Change,Bull,Neutral,2,Neutral,1,
2025-11-20,Biotechnology,XBI,Rank #1 End,1,2,2,Neutral,2,
2025-11-21,Biotechnology,XBI,Rank #1 Start,2,1,2,Neutral,1,
2025-11-24,Biotechnology,XBI,Signal Change,Neutral,Bull,4,Bull,1,
2025-11-28,Biotechnology,XBI,Signal Change,Bull,Strong Bull,6,Strong Bull,1,
2025-12-01,Biotechnology,XBI,Signal Change,Strong Bull,Bull,4,Bull,1,
2025-12-02,Biotechnology,XBI,Signal Change,Bull,Neutral,2,Neutral,3,
2025-12-02,Biotechnology,XBI,Rank #1 End,1,3,2,Neutral,3,
2025-12-03,Biotechnology,XBI,Signal Change,Neutral,Bull,3,Bull,1,
2025-12-03,Biotechnology,XBI,Rank #1 Start,3,1,3,Bull,1,
2025-12-08,Biotechnology,XBI,Rank #1 End,1,2,4,Bull,2,
2025-12-24,Biotechnology,XBI,Signal Change,Bull,Strong Bull,6,Strong Bull,1,
2025-12-24,Biotechnology,XBI,Rank #1 Start,2,1,6,Strong Bull,1,
2025-12-26,Biotechnology,XBI,Signal Change,Strong Bull,Bull,5,Bull,1,
2025-12-30,Biotechnology,XBI,Rank #1 End,1,2,3,Bull,2,
2025-12-31,Biotechnology,XBI,Rank #1 Start,2,1,3,Bull,1,
2026-01-05,Biotechnology,XBI,Rank #1 End,1,2,3,Bull,2,
2026-01-06,Biotechnology,XBI,Signal Change,Bull,Neutral,2,Neutral,4,
2026-01-07,Biotechnology,XBI,Signal Change,Neutral,Bull,3,Bull,3,
2026-01-22,Biotechnology,XBI,Rank #1 Start,2,1,5,Bull,1,
2026-01-27,Biotechnology,XBI,Rank #1 End,1,4,4,Bull,4,
2026-02-04,Biotechnology,XBI,Signal Change,Bull,Neutral,2,Neutral,5,
2026-02-05,Biotechnology,XBI,Signal Change,Neutral,Bear,-4,Bear,9,
2026-02-06,Biotechnology,XBI,Signal Change,Bear,Neutral,1,Neutral,4,
2026-02-09,Biotechnology,XBI,Signal Change,Neutral,Bull,3,Bull,5,
2026-02-11,Biotechnology,XBI,Signal Change,Bull,Neutral,1,Neutral,4,
2026-02-13,Biotechnology,XBI,Signal Change,Neutral,Bear,-3,Bear,5,
2026-02-17,Biotechnology,XBI,Signal Change,Bear,Neutral,1,Neutral,4,
2026-02-25,Biotechnology,XBI,Signal Change,Neutral,Bull,3,Bull,3,
2026-02-27,Biotechnology,XBI,Rank #1 Start,2,1,4,Bull,1,
2026-03-03,Biotechnology,XBI,Signal Change,Bull,Bear,-3,Bear,3,
2026-03-03,Biotechnology,XBI,Rank #1 End,1,3,-3,Bear,3,
2026-03-04,Biotechnology,XBI,Signal Change,Bear,Neutral,1,Neutral,3,
2026-03-05,Biotechnology,XBI,Signal Change,Neutral,Bear,-3,Bear,7,
2026-03-09,Biotechnology,XBI,Signal Change,Bear,Neutral,1,Neutral,3,
2026-03-10,Biotechnology,XBI,Signal Change,Neutral,Bull,3,Bull,2,
2026-03-12,Biotechnology,XBI,Signal Change,Bull,Neutral,-1,Neutral,4,
2026-03-17,Biotechnology,XBI,Signal Change,Neutral,Bear,-3,Bear,6,
2026-03-19,Biotechnology,XBI,Signal Change,Bear,Neutral,-2,Neutral,4,
2025-10-01,Communication Services,XLC,Rank #1 End,1,2,0,Neutral,2,
2025-10-30,Communication Services,XLC,Signal Change,Neutral,Bear,-3,Bear,8,
2025-11-11,Communication Services,XLC,Signal Change,Bear,Neutral,-1,Neutral,6,
2025-11-28,Communication Services,XLC,Signal Change,Neutral,Bull,3,Bull,3,
2025-12-01,Communication Services,XLC,Signal Change,Bull,Neutral,1,Neutral,4,
2025-12-03,Communication Services,XLC,Signal Change,Neutral,Bull,3,Bull,1,
2025-12-03,Communication Services,XLC,Rank #1 Start,4,1,3,Bull,1,
2025-12-05,Communication Services,XLC,Signal Change,Bull,Neutral,2,Neutral,3,
2025-12-05,Communication Services,XLC,Rank #1 End,1,3,2,Neutral,3,
2025-12-08,Communication Services,XLC,Signal Change,Neutral,Bull,3,Bull,3,
2025-12-29,Communication Services,XLC,Rank #1 Start,2,1,3,Bull,1,
2025-12-30,Communication Services,XLC,Rank #1 End,1,2,3,Bull,2,
2025-12-31,Communication Services,XLC,Rank #1 Start,2,1,3,Bull,1,
2026-01-05,Communication Services,XLC,Rank #1 End,1,2,3,Bull,2,
2026-01-15,Communication Services,XLC,Signal Change,Bull,Neutral,2,Neutral,6,
2026-01-20,Communication Services,XLC,Signal Change,Neutral,Bear,-5,Bear,7,
2026-01-22,Communication Services,XLC,Signal Change,Bear,Neutral,1,Neutral,4,
2026-01-30,Communication Services,XLC,Signal Change,Neutral,Bull,4,Bull,1,
2026-01-30,Communication Services,XLC,Rank #1 Start,3,1,4,Bull,1,
2026-02-03,Communication Services,XLC,Signal Change,Bull,Neutral,2,Neutral,4,
2026-02-03,Communication Services,XLC,Rank #1 End,1,4,2,Neutral,4,
2026-02-06,Communication Services,XLC,Signal Change,Neutral,Bear,-3,Bear,6,
2026-02-09,Communication Services,XLC,Signal Change,Bear,Neutral,1,Neutral,6,
2026-02-11,Communication Services,XLC,Signal Change,Neutral,Bear,-3,Bear,5,
2026-02-20,Communication Services,XLC,Signal Change,Bear,Neutral,1,Neutral,4,
2026-02-23,Communication Services,XLC,Signal Change,Neutral,Bear,-3,Bear,5,
2026-02-27,Communication Services,XLC,Signal Change,Bear,Neutral,2,Neutral,3,
2026-03-03,Communication Services,XLC,Signal Change,Neutral,Bull,3,Bull,2,
2026-03-06,Communication Services,XLC,Rank #1 Start,3,1,5,Bull,1,
2026-03-12,Communication Services,XLC,Signal Change,Bull,Neutral,1,Neutral,3,
2026-03-12,Communication Services,XLC,Rank #1 End,1,3,1,Neutral,3,
2026-03-16,Communication Services,XLC,Signal Change,Neutral,Bear,-3,Bear,6,
2025-10-01,Consumer Discretionary,XLY,Rank #1 End,1,2,0,Neutral,2,
2025-11-05,Consumer Discretionary,XLY,Rank #1 Start,3,1,1,Neutral,1,
2025-11-10,Consumer Discretionary,XLY,Rank #1 End,1,2,1,Neutral,2,
2025-11-17,Consumer Discretionary,XLY,Signal Change,Neutral,Bear,-4,Bear,8,
2025-11-25,Consumer Discretionary,XLY,Signal Change,Bear,Neutral,-1,Neutral,3,
2025-11-28,Consumer Discretionary,XLY,Signal Change,Neutral,Bull,3,Bull,3,
2025-12-02,Consumer Discretionary,XLY,Signal Change,Bull,Neutral,1,Neutral,4,
2025-12-11,Consumer Discretionary,XLY,Signal Change,Neutral,Bull,3,Bull,2,
2025-12-12,Consumer Discretionary,XLY,Rank #1 Start,2,1,4,Bull,1,
2025-12-15,Consumer Discretionary,XLY,Rank #1 End,1,2,4,Bull,2,
2025-12-16,Consumer Discretionary,XLY,Rank #1 Start,2,1,5,Bull,1,
2025-12-24,Consumer Discretionary,XLY,Rank #1 End,1,4,3,Bull,4,
2025-12-29,Consumer Discretionary,XLY,Rank #1 Start,2,1,3,Bull,1,
2025-12-30,Consumer Discretionary,XLY,Signal Change,Bull,Neutral,2,Neutral,3,
2025-12-30,Consumer Discretionary,XLY,Rank #1 End,1,3,2,Neutral,3,
2026-01-02,Consumer Discretionary,XLY,Signal Change,Neutral,Bear,-3,Bear,4,
2026-01-05,Consumer Discretionary,XLY,Signal Change,Bear,Neutral,1,Neutral,3,
2026-01-07,Consumer Discretionary,XLY,Signal Change,Neutral,Bull,3,Bull,3,
2026-01-15,Consumer Discretionary,XLY,Signal Change,Bull,Neutral,2,Neutral,6,
2026-01-16,Consumer Discretionary,XLY,Signal Change,Neutral,Bull,3,Bull,4,
2026-01-20,Consumer Discretionary,XLY,Signal Change,Bull,Bear,-3,Bear,6,
2026-01-21,Consumer Discretionary,XLY,Signal Change,Bear,Neutral,1,Neutral,4,
2026-01-27,Consumer Discretionary,XLY,Signal Change,Neutral,Bull,3,Bull,5,
2026-01-28,Consumer Discretionary,XLY,Signal Change,Bull,Neutral,2,Neutral,4,
2026-01-29,Consumer Discretionary,XLY,Signal Change,Neutral,Bull,3,Bull,2,
2026-02-04,Consumer Discretionary,XLY,Signal Change,Bull,Neutral,-1,Neutral,8,
2026-02-06,Consumer Discretionary,XLY,Signal Change,Neutral,Bear,-4,Bear,7,
2025-10-01,Consumer Staples,XLP,Rank #1 End,1,2,0,Neutral,2,
2025-10-30,Consumer Staples,XLP,Signal Change,Neutral,Bear,-3,Bear,8,
2025-11-11,Consumer Staples,XLP,Signal Change,Bear,Neutral,-1,Neutral,6,
2025-11-28,Consumer Staples,XLP,Signal Change,Neutral,Bull,3,Bull,3,
2025-12-03,Consumer Staples,XLP,Rank #1 Start,2,1,3,Bull,1,
2025-12-05,Consumer Staples,XLP,Signal Change,Bull,Neutral,2,Neutral,3,
2025-12-05,Consumer Staples,XLP,Rank #1 End,1,3,2,Neutral,3,
2025-12-09,Consumer Staples,XLP,Signal Change,Neutral,Bull,3,Bull,2,
2025-12-22,Consumer Staples,XLP,Signal Change,Bull,Neutral,-1,Neutral,5,
2025-12-24,Consumer Staples,XLP,Signal Change,Neutral,Bull,3,Bull,4,
2025-12-29,Consumer Staples,XLP,Signal Change,Bull,Neutral,0,Neutral,3,
2025-12-31,Consumer Staples,XLP,Signal Change,Neutral,Bear,-5,Bear,6,
2026-01-08,Consumer Staples,XLP,Signal Change,Bear,Neutral,1,Neutral,5,
2026-01-12,Consumer Staples,XLP,Signal Change,Neutral,Bull,3,Bull,4,
2026-01-13,Consumer Staples,XLP,Signal Change,Bull,Strong Bull,6,Strong Bull,1,
2026-01-13,Consumer Staples,XLP,Rank #1 Start,4,1,6,Strong Bull,1,
2026-01-14,Consumer Staples,XLP,Rank #1 End,1,2,6,Strong Bull,2,
2026-01-15,Consumer Staples,XLP,Rank #1 Start,2,1,7,Strong Bull,1,
2026-01-16,Consumer Staples,XLP,Signal Change,Strong Bull,Bull,4,Bull,3,
2026-01-16,Consumer Staples,XLP,Rank #1 End,1,3,4,Bull,3,
2026-02-04,Consumer Staples,XLP,Signal Change,Bull,Strong Bull,7,Strong Bull,1,
2026-02-04,Consumer Staples,XLP,Rank #1 Start,2,1,7,Strong Bull,1,
2026-02-09,Consumer Staples,XLP,Signal Change,Strong Bull,Bull,4,Bull,4,
2026-02-09,Consumer Staples,XLP,Rank #1 End,1,4,4,Bull,4,
2026-02-18,Consumer Staples,XLP,Rank #1 Start,2,1,5,Bull,1,
2026-02-19,Consumer Staples,XLP,Rank #1 End,1,3,3,Bull,3,
2026-03-05,Consumer Staples,XLP,Signal Change,Bull,Neutral,2,Neutral,4,
2026-03-12,Consumer Staples,XLP,Signal Change,Neutral,Bear,-3,Bear,5,
2026-03-13,Consumer Staples,XLP,Signal Change,Bear,Neutral,0,Neutral,4,
2026-03-17,Consumer Staples,XLP,Signal Change,Neutral,Bear,-4,Bear,7,
2025-10-01,Energy,XLE,Rank #1 End,1,2,0,Neutral,2,
2025-10-10,Energy,XLE,Signal Change,Neutral,Bear,-4,Bear,5,
2025-10-13,Energy,XLE,Signal Change,Bear,Neutral,-2,Neutral,4,
2025-11-10,Energy,XLE,Rank #1 Start,2,1,2,Neutral,1,
2025-11-11,Energy,XLE,Signal Change,Neutral,Bull,5,Bull,1,
2025-11-12,Energy,XLE,Rank #1 End,1,2,3,Bull,2,
2025-11-18,Energy,XLE,Rank #1 Start,2,1,3,Bull,1,
2025-11-19,Energy,XLE,Signal Change,Bull,Neutral,2,Neutral,1,
2025-11-20,Energy,XLE,Signal Change,Neutral,Bull,3,Bull,1,
2025-11-21,Energy,XLE,Signal Change,Bull,Neutral,1,Neutral,2,
2025-11-21,Energy,XLE,Rank #1 End,1,2,1,Neutral,2,
2025-11-28,Energy,XLE,Signal Change,Neutral,Bull,3,Bull,3,
2025-12-01,Energy,XLE,Signal Change,Bull,Neutral,2,Neutral,3,
2025-12-04,Energy,XLE,Signal Change,Neutral,Bull,3,Bull,1,
2025-12-04,Energy,XLE,Rank #1 Start,3,1,3,Bull,1,
2025-12-05,Energy,XLE,Rank #1 End,1,2,3,Bull,2,
2025-12-08,Energy,XLE,Signal Change,Bull,Neutral,2,Neutral,4,
2025-12-09,Energy,XLE,Signal Change,Neutral,Bull,3,Bull,2,
2025-12-10,Energy,XLE,Rank #1 Start,2,1,4,Bull,1,
2025-12-11,Energy,XLE,Rank #1 End,1,2,3,Bull,2,
2025-12-16,Energy,XLE,Signal Change,Bull,Strong Bear,-6,Strong Bear,7,
2025-12-17,Energy,XLE,Signal Change,Strong Bear,Neutral,1,Neutral,4,
2025-12-18,Energy,XLE,Signal Change,Neutral,Bear,-4,Bear,6,
2025-12-30,Energy,XLE,Signal Change,Bear,Neutral,1,Neutral,4,
2025-12-31,Energy,XLE,Signal Change,Neutral,Bear,-3,Bear,5,
2026-01-02,Energy,XLE,Signal Change,Bear,Neutral,1,Neutral,2,
2026-01-05,Energy,XLE,Signal Change,Neutral,Bull,4,Bull,1,
2026-01-05,Energy,XLE,Rank #1 Start,2,1,4,Bull,1,
2026-01-06,Energy,XLE,Signal Change,Bull,Neutral,2,Neutral,4,
2026-01-06,Energy,XLE,Rank #1 End,1,4,2,Neutral,4,
2026-01-08,Energy,XLE,Signal Change,Neutral,Bull,5,Bull,3,
2026-01-14,Energy,XLE,Signal Change,Bull,Strong Bull,7,Strong Bull,1,
2026-01-14,Energy,XLE,Rank #1 Start,3,1,7,Strong Bull,1,
2026-01-15,Energy,XLE,Signal Change,Strong Bull,Bull,5,Bull,3,
2026-01-15,Energy,XLE,Rank #1 End,1,3,5,Bull,3,
2026-01-20,Energy,XLE,Rank #1 Start,2,1,5,Bull,1,
2026-01-21,Energy,XLE,Rank #1 End,1,2,4,Bull,2,
2026-01-23,Energy,XLE,Rank #1 Start,2,1,5,Bull,1,
2026-01-26,Energy,XLE,Rank #1 End,1,2,4,Bull,2,
2026-01-27,Energy,XLE,Signal Change,Bull,Strong Bull,6,Strong Bull,2,
2026-01-28,Energy,XLE,Signal Change,Strong Bull,Bull,4,Bull,2,
2026-01-29,Energy,XLE,Rank #1 Start,2,1,5,Bull,1,
2026-02-02,Energy,XLE,Rank #1 End,1,2,4,Bull,2,
2026-02-03,Energy,XLE,Signal Change,Bull,Strong Bull,6,Strong Bull,1,
2026-02-03,Energy,XLE,Rank #1 Start,2,1,6,Strong Bull,1,
2026-02-04,Energy,XLE,Rank #1 End,1,2,6,Strong Bull,2,
2026-02-05,Energy,XLE,Signal Change,Strong Bull,Bull,5,Bull,2,
2026-02-06,Energy,XLE,Signal Change,Bull,Strong Bull,6,Strong Bull,2,
2026-02-10,Energy,XLE,Signal Change,Strong Bull,Bull,4,Bull,4,
2026-02-11,Energy,XLE,Signal Change,Bull,Strong Bull,6,Strong Bull,1,
2026-02-11,Energy,XLE,Rank #1 Start,4,1,6,Strong Bull,1,
2026-02-12,Energy,XLE,Signal Change,Strong Bull,Bull,4,Bull,4,
2026-02-12,Energy,XLE,Rank #1 End,1,4,4,Bull,4,
2026-02-19,Energy,XLE,Rank #1 Start,2,1,5,Bull,1,
2026-02-26,Energy,XLE,Rank #1 End,1,2,3,Bull,2,
2026-02-27,Energy,XLE,Rank #1 Start,2,1,4,Bull,1,
2026-03-17,Energy,XLE,Signal Change,Bull,Strong Bull,7,Strong Bull,1,
2026-03-18,Energy,XLE,Signal Change,Strong Bull,Bull,5,Bull,1,
2025-10-01,Financials,XLF,Rank #1 End,1,2,0,Neutral,2,
2025-10-29,Financials,XLF,Signal Change,Neutral,Bear,-3,Bear,7,
2025-11-04,Financials,XLF,Signal Change,Bear,Neutral,-1,Neutral,3,
2025-11-28,Financials,XLF,Signal Change,Neutral,Bull,3,Bull,3,
2025-12-03,Financials,XLF,Rank #1 Start,2,1,3,Bull,1,
2025-12-05,Financials,XLF,Rank #1 End,1,2,3,Bull,2,
2025-12-11,Financials,XLF,Rank #1 Start,2,1,4,Bull,1,
2025-12-24,Financials,XLF,Rank #1 End,1,2,5,Bull,2,
2025-12-29,Financials,XLF,Rank #1 Start,2,1,3,Bull,1,
2025-12-30,Financials,XLF,Rank #1 End,1,2,3,Bull,2,
2025-12-31,Financials,XLF,Rank #1 Start,2,1,3,Bull,1,
2026-01-05,Financials,XLF,Rank #1 End,1,2,3,Bull,2,
2026-01-13,Financials,XLF,Signal Change,Bull,Neutral,2,Neutral,5,
2026-01-20,Financials,XLF,Signal Change,Neutral,Bear,-5,Bear,7,
2026-02-06,Financials,XLF,Signal Change,Bear,Neutral,-2,Neutral,5,
2026-02-09,Financials,XLF,Signal Change,Neutral,Bear,-3,Bear,7,
2026-03-12,Financials,XLF,Signal Change,Bear,Strong Bear,-6,Strong Bear,8,
2026-03-13,Financials,XLF,Signal Change,Strong Bear,Bear,-3,Bear,7,
2025-10-03,Healthcare,XLV,Signal Change,Neutral,Bull,3,Bull,1,
2025-10-06,Healthcare,XLV,Signal Change,Bull,Neutral,2,Neutral,2,
2025-10-06,Healthcare,XLV,Rank #1 End,1,2,2,Neutral,2,
2025-10-09,Healthcare,XLV,Rank #1 Start,2,1,1,Neutral,1,
2025-10-10,Healthcare,XLV,Rank #1 End,1,2,1,Neutral,2,
2025-10-13,Healthcare,XLV,Rank #1 Start,2,1,1,Neutral,1,
2025-10-15,Healthcare,XLV,Rank #1 End,1,2,0,Neutral,2,
2025-10-24,Healthcare,XLV,Rank #1 Start,2,1,1,Neutral,1,
2025-10-27,Healthcare,XLV,Rank #1 End,1,2,1,Neutral,2,
2025-11-04,Healthcare,XLV,Rank #1 Start,3,1,1,Neutral,1,
2025-11-10,Healthcare,XLV,Rank #1 End,1,2,1,Neutral,2,
2025-11-12,Healthcare,XLV,Signal Change,Neutral,Bull,4,Bull,1,
2025-11-12,Healthcare,XLV,Rank #1 Start,3,1,4,Bull,1,
2025-11-14,Healthcare,XLV,Signal Change,Bull,Neutral,2,Neutral,3,
2025-11-14,Healthcare,XLV,Rank #1 End,1,3,2,Neutral,3,
2025-11-19,Healthcare,XLV,Rank #1 Start,2,1,2,Neutral,1,
2025-11-20,Healthcare,XLV,Signal Change,Neutral,Bull,3,Bull,1,
2025-11-21,Healthcare,XLV,Signal Change,Bull,Neutral,2,Neutral,1,
2025-11-24,Healthcare,XLV,Signal Change,Neutral,Bull,3,Bull,2,
2025-11-24,Healthcare,XLV,Rank #1 End,1,2,3,Bull,2,
2025-11-25,Healthcare,XLV,Rank #1 Start,2,1,5,Bull,1,
2025-11-26,Healthcare,XLV,Rank #1 End,1,2,3,Bull,2,
2025-12-01,Healthcare,XLV,Signal Change,Bull,Neutral,2,Neutral,3,
2025-12-03,Healthcare,XLV,Signal Change,Neutral,Bull,3,Bull,1,
2025-12-03,Healthcare,XLV,Rank #1 Start,3,1,3,Bull,1,
2025-12-04,Healthcare,XLV,Signal Change,Bull,Neutral,2,Neutral,2,
2025-12-04,Healthcare,XLV,Rank #1 End,1,2,2,Neutral,2,
2025-12-15,Healthcare,XLV,Signal Change,Neutral,Bull,3,Bull,3,
2025-12-26,Healthcare,XLV,Signal Change,Bull,Neutral,1,Neutral,3,
2026-01-05,Healthcare,XLV,Signal Change,Neutral,Bull,3,Bull,2,
2026-01-28,Healthcare,XLV,Signal Change,Bull,Neutral,-1,Neutral,6,
2026-01-30,Healthcare,XLV,Signal Change,Neutral,Bear,-3,Bear,4,
2026-02-02,Healthcare,XLV,Signal Change,Bear,Neutral,1,Neutral,5,
2026-02-03,Healthcare,XLV,Signal Change,Neutral,Bear,-4,Bear,8,
2026-02-04,Healthcare,XLV,Signal Change,Bear,Neutral,1,Neutral,6,
2026-02-05,Healthcare,XLV,Signal Change,Neutral,Bear,-3,Bear,8,
2026-02-06,Healthcare,XLV,Signal Change,Bear,Neutral,1,Neutral,4,
2026-02-10,Healthcare,XLV,Signal Change,Neutral,Bear,-3,Bear,7,
2026-02-11,Healthcare,XLV,Signal Change,Bear,Neutral,1,Neutral,4,
2026-02-17,Healthcare,XLV,Signal Change,Neutral,Bull,3,Bull,3,
2026-02-18,Healthcare,XLV,Rank #1 Start,3,1,5,Bull,1,
2026-02-19,Healthcare,XLV,Rank #1 End,1,3,3,Bull,3,
2026-03-05,Healthcare,XLV,Signal Change,Bull,Neutral,-1,Neutral,6,
2026-03-06,Healthcare,XLV,Signal Change,Neutral,Bear,-3,Bear,4,
2025-10-01,Industrials,XLI,Rank #1 End,1,2,0,Neutral,2,
2025-10-24,Industrials,XLI,Rank #1 Start,2,1,1,Neutral,1,
2025-10-27,Industrials,XLI,Rank #1 End,1,2,1,Neutral,2,
2025-12-01,Industrials,XLI,Signal Change,Neutral,Bear,-3,Bear,6,
2025-12-03,Industrials,XLI,Signal Change,Bear,Neutral,1,Neutral,3,
2025-12-05,Industrials,XLI,Signal Change,Neutral,Bull,3,Bull,2,
2025-12-12,Industrials,XLI,Rank #1 Start,2,1,4,Bull,1,
2025-12-15,Industrials,XLI,Rank #1 End,1,2,4,Bull,2,
2025-12-16,Industrials,XLI,Rank #1 Start,2,1,5,Bull,1,
2025-12-17,Industrials,XLI,Rank #1 End,1,3,3,Bull,3,
2025-12-29,Industrials,XLI,Rank #1 Start,2,1,3,Bull,1,
2025-12-30,Industrials,XLI,Rank #1 End,1,2,3,Bull,2,
2025-12-31,Industrials,XLI,Rank #1 Start,2,1,3,Bull,1,
2026-01-05,Industrials,XLI,Rank #1 End,1,2,3,Bull,2,
2026-01-20,Industrials,XLI,Rank #1 Start,2,1,5,Bull,1,
2026-01-22,Industrials,XLI,Rank #1 End,1,2,4,Bull,2,
2026-01-23,Industrials,XLI,Rank #1 Start,2,1,5,Bull,1,
2026-01-26,Industrials,XLI,Rank #1 End,1,3,3,Bull,3,
2026-02-06,Industrials,XLI,Signal Change,Bull,Strong Bull,6,Strong Bull,2,
2026-02-09,Industrials,XLI,Signal Change,Strong Bull,Bull,5,Bull,3,
2026-02-18,Industrials,XLI,Rank #1 Start,2,1,5,Bull,1,
2026-02-20,Industrials,XLI,Rank #1 End,1,2,4,Bull,2,
2026-02-23,Industrials,XLI,Rank #1 Start,2,1,5,Bull,1,
2026-02-25,Industrials,XLI,Rank #1 End,1,3,3,Bull,3,
2026-03-02,Industrials,XLI,Rank #1 Start,2,1,4,Bull,1,
2026-03-03,Industrials,XLI,Rank #1 End,1,2,3,Bull,2,
2026-03-06,Industrials,XLI,Signal Change,Bull,Neutral,1,Neutral,3,
2026-03-12,Industrials,XLI,Signal Change,Neutral,Bear,-4,Bear,6,
2025-10-01,Materials,XLB,Rank #1 End,1,2,0,Neutral,2,
2025-10-29,Materials,XLB,Signal Change,Neutral,Bear,-3,Bear,7,
2025-11-11,Materials,XLB,Signal Change,Bear,Neutral,-1,Neutral,6,
2025-11-28,Materials,XLB,Signal Change,Neutral,Bull,3,Bull,3,
2025-12-02,Materials,XLB,Signal Change,Bull,Neutral,2,Neutral,3,
2025-12-04,Materials,XLB,Signal Change,Neutral,Bull,3,Bull,1,
2025-12-04,Materials,XLB,Rank #1 Start,2,1,3,Bull,1,
2025-12-05,Materials,XLB,Signal Change,Bull,Neutral,2,Neutral,3,
2025-12-05,Materials,XLB,Rank #1 End,1,3,2,Neutral,3,
2025-12-10,Materials,XLB,Signal Change,Neutral,Bull,3,Bull,2,
2025-12-18,Materials,XLB,Rank #1 Start,2,1,5,Bull,1,
2025-12-23,Materials,XLB,Rank #1 End,1,2,4,Bull,2,
2025-12-26,Materials,XLB,Rank #1 Start,2,1,5,Bull,1,
2025-12-30,Materials,XLB,Rank #1 End,1,2,3,Bull,2,
2025-12-31,Materials,XLB,Rank #1 Start,2,1,3,Bull,1,
2026-01-05,Materials,XLB,Rank #1 End,1,2,3,Bull,2,
2026-01-08,Materials,XLB,Signal Change,Bull,Strong Bull,6,Strong Bull,2,
2026-01-09,Materials,XLB,Rank #1 Start,2,1,6,Strong Bull,1,
2026-01-13,Materials,XLB,Signal Change,Strong Bull,Bull,5,Bull,2,
2026-01-13,Materials,XLB,Rank #1 End,1,2,5,Bull,2,
2026-01-14,Materials,XLB,Signal Change,Bull,Strong Bull,6,Strong Bull,2,
2026-01-15,Materials,XLB,Signal Change,Strong Bull,Bull,4,Bull,4,
2026-01-21,Materials,XLB,Rank #1 Start,2,1,5,Bull,1,
2026-01-22,Materials,XLB,Rank #1 End,1,2,4,Bull,2,
2026-01-23,Materials,XLB,Rank #1 Start,2,1,5,Bull,1,
2026-01-27,Materials,XLB,Rank #1 End,1,3,5,Bull,3,
2026-01-28,Materials,XLB,Rank #1 Start,3,1,5,Bull,1,
2026-01-30,Materials,XLB,Rank #1 End,1,2,3,Bull,2,
2026-02-06,Materials,XLB,Signal Change,Bull,Strong Bull,7,Strong Bull,1,
2026-02-06,Materials,XLB,Rank #1 Start,2,1,7,Strong Bull,1,
2026-02-11,Materials,XLB,Signal Change,Strong Bull,Bull,5,Bull,2,
2026-02-11,Materials,XLB,Rank #1 End,1,2,5,Bull,2,
2026-02-12,Materials,XLB,Signal Change,Bull,Strong Bull,6,Strong Bull,2,
2026-02-13,Materials,XLB,Signal Change,Strong Bull,Bull,4,Bull,3,
2026-02-19,Materials,XLB,Rank #1 Start,2,1,5,Bull,1,
2026-02-20,Materials,XLB,Rank #1 End,1,2,4,Bull,2,
2026-02-23,Materials,XLB,Rank #1 Start,2,1,5,Bull,1,
2026-02-25,Materials,XLB,Rank #1 End,1,3,3,Bull,3,
2026-03-05,Materials,XLB,Signal Change,Bull,Neutral,0,Neutral,5,
2026-03-06,Materials,XLB,Signal Change,Neutral,Bear,-4,Bear,5,
2026-03-11,Materials,XLB,Signal Change,Bear,Strong Bear,-7,Strong Bear,6,
2026-03-12,Materials,XLB,Signal Change,Strong Bear,Bear,-5,Bear,7,
2025-10-01,Nasdaq Growth,QQQ,Rank #1 End,1,2,0,Neutral,2,
2025-10-24,Nasdaq Growth,QQQ,Rank #1 Start,2,1,1,Neutral,1,
2025-10-27,Nasdaq Growth,QQQ,Rank #1 End,1,2,1,Neutral,2,
2025-10-29,Nasdaq Growth,QQQ,Signal Change,Neutral,Bull,4,Bull,2,
2025-10-30,Nasdaq Growth,QQQ,Signal Change,Bull,Neutral,0,Neutral,5,
2025-11-04,Nasdaq Growth,QQQ,Rank #1 Start,2,1,1,Neutral,1,
2025-11-10,Nasdaq Growth,QQQ,Rank #1 End,1,2,1,Neutral,2,
2025-11-28,Nasdaq Growth,QQQ,Signal Change,Neutral,Bull,3,Bull,3,
2025-12-02,Nasdaq Growth,QQQ,Signal Change,Bull,Neutral,1,Neutral,4,
2025-12-08,Nasdaq Growth,QQQ,Signal Change,Neutral,Bull,3,Bull,3,
2025-12-15,Nasdaq Growth,QQQ,Signal Change,Bull,Neutral,-1,Neutral,5,
2025-12-17,Nasdaq Growth,QQQ,Signal Change,Neutral,Bear,-3,Bear,5,
2025-12-18,Nasdaq Growth,QQQ,Signal Change,Bear,Neutral,-1,Neutral,4,
2025-12-19,Nasdaq Growth,QQQ,Signal Change,Neutral,Bull,3,Bull,2,
2025-12-29,Nasdaq Growth,QQQ,Rank #1 Start,2,1,3,Bull,1,
2025-12-30,Nasdaq Growth,QQQ,Rank #1 End,1,2,3,Bull,2,
2025-12-31,Nasdaq Growth,QQQ,Signal Change,Bull,Neutral,-1,Neutral,4,
2026-01-02,Nasdaq Growth,QQQ,Signal Change,Neutral,Bear,-3,Bear,4,
2026-01-05,Nasdaq Growth,QQQ,Signal Change,Bear,Neutral,1,Neutral,3,
2026-01-13,Nasdaq Growth,QQQ,Signal Change,Neutral,Bull,3,Bull,4,
2026-01-20,Nasdaq Growth,QQQ,Signal Change,Bull,Neutral,-1,Neutral,5,
2026-01-21,Nasdaq Growth,QQQ,Signal Change,Neutral,Bull,3,Bull,3,
2026-02-03,Nasdaq Growth,QQQ,Signal Change,Bull,Neutral,-1,Neutral,5,
2026-02-04,Nasdaq Growth,QQQ,Signal Change,Neutral,Bear,-3,Bear,9,
2026-02-05,Nasdaq Growth,QQQ,Signal Change,Bear,Strong Bear,-6,Strong Bear,10,
2026-02-06,Nasdaq Growth,QQQ,Signal Change,Strong Bear,Bear,-4,Bear,7,
2026-02-25,Nasdaq Growth,QQQ,Signal Change,Bear,Neutral,1,Neutral,4,
2026-02-26,Nasdaq Growth,QQQ,Signal Change,Neutral,Bear,-3,Bear,3,
2025-10-01,Real Estate,XLRE,Rank #1 End,1,2,0,Neutral,2,
2025-10-23,Real Estate,XLRE,Rank #1 Start,2,1,2,Neutral,1,
2025-10-24,Real Estate,XLRE,Rank #1 End,1,2,0,Neutral,2,
2025-10-30,Real Estate,XLRE,Signal Change,Neutral,Bear,-3,Bear,8,
2025-11-11,Real Estate,XLRE,Signal Change,Bear,Neutral,1,Neutral,4,
2025-12-01,Real Estate,XLRE,Signal Change,Neutral,Bear,-3,Bear,6,
2025-12-02,Real Estate,XLRE,Signal Change,Bear,Neutral,-1,Neutral,5,
2025-12-05,Real Estate,XLRE,Signal Change,Neutral,Bear,-3,Bear,6,
2026-01-13,Real Estate,XLRE,Signal Change,Bear,Neutral,1,Neutral,6,
2026-01-14,Real Estate,XLRE,Signal Change,Neutral,Bull,3,Bull,5,
2026-01-16,Real Estate,XLRE,Signal Change,Bull,Strong Bull,6,Strong Bull,1,
2026-01-16,Real Estate,XLRE,Rank #1 Start,5,1,6,Strong Bull,1,
2026-01-20,Real Estate,XLRE,Signal Change,Strong Bull,Bull,4,Bull,2,
2026-01-20,Real Estate,XLRE,Rank #1 End,1,2,4,Bull,2,
2026-01-21,Real Estate,XLRE,Rank #1 Start,2,1,5,Bull,1,
2026-01-22,Real Estate,XLRE,Rank #1 End,1,2,4,Bull,2,
2026-01-23,Real Estate,XLRE,Rank #1 Start,2,1,5,Bull,1,
2026-01-26,Real Estate,XLRE,Rank #1 End,1,3,3,Bull,3,
2026-02-02,Real Estate,XLRE,Signal Change,Bull,Neutral,2,Neutral,4,
2026-02-04,Real Estate,XLRE,Signal Change,Neutral,Bull,3,Bull,4,
2026-02-10,Real Estate,XLRE,Signal Change,Bull,Strong Bull,6,Strong Bull,2,
2026-02-11,Real Estate,XLRE,Signal Change,Strong Bull,Bull,5,Bull,2,
2026-02-23,Real Estate,XLRE,Rank #1 Start,2,1,5,Bull,1,
2026-02-25,Real Estate,XLRE,Rank #1 End,1,3,3,Bull,3,
2026-02-26,Real Estate,XLRE,Rank #1 Start,3,1,4,Bull,1,
2026-02-27,Real Estate,XLRE,Rank #1 End,1,2,3,Bull,2,
2026-03-13,Real Estate,XLRE,Signal Change,Bull,Neutral,1,Neutral,3,
2026-03-18,Real Estate,XLRE,Signal Change,Neutral,Bear,-3,Bear,5,
2025-10-01,Semiconductors,SMH,Rank #1 End,1,2,0,Neutral,2,
2025-10-02,Semiconductors,SMH,Rank #1 Start,2,1,2,Neutral,1,
2025-10-03,Semiconductors,SMH,Signal Change,Neutral,Bull,3,Bull,1,
2025-10-07,Semiconductors,SMH,Signal Change,Bull,Neutral,1,Neutral,2,
2025-10-07,Semiconductors,SMH,Rank #1 End,1,2,1,Neutral,2,
2025-10-09,Semiconductors,SMH,Rank #1 Start,2,1,1,Neutral,1,
2025-10-10,Semiconductors,SMH,Rank #1 End,1,2,1,Neutral,2,
2025-10-13,Semiconductors,SMH,Rank #1 Start,2,1,1,Neutral,1,
2025-10-14,Semiconductors,SMH,Rank #1 End,1,2,1,Neutral,2,
2025-10-15,Semiconductors,SMH,Rank #1 Start,2,1,2,Neutral,1,
2025-10-17,Semiconductors,SMH,Signal Change,Neutral,Bull,4,Bull,1,
2025-10-20,Semiconductors,SMH,Signal Change,Bull,Neutral,0,Neutral,4,
2025-10-20,Semiconductors,SMH,Rank #1 End,1,4,0,Neutral,4,
2025-10-24,Semiconductors,SMH,Rank #1 Start,2,1,1,Neutral,1,
2025-10-28,Semiconductors,SMH,Signal Change,Neutral,Bull,5,Bull,1,
2025-10-31,Semiconductors,SMH,Signal Change,Bull,Neutral,2,Neutral,1,
2025-11-04,Semiconductors,SMH,Rank #1 End,1,2,0,Neutral,2,
2025-11-05,Semiconductors,SMH,Rank #1 Start,2,1,1,Neutral,1,
2025-11-07,Semiconductors,SMH,Rank #1 End,1,3,-1,Neutral,3,
2025-11-17,Semiconductors,SMH,Signal Change,Neutral,Bear,-3,Bear,7,
2025-11-25,Semiconductors,SMH,Signal Change,Bear,Neutral,-1,Neutral,3,
2025-11-28,Semiconductors,SMH,Signal Change,Neutral,Bull,3,Bull,3,
2025-12-02,Semiconductors,SMH,Rank #1 Start,2,1,4,Bull,1,
2025-12-04,Semiconductors,SMH,Signal Change,Bull,Neutral,2,Neutral,2,
2025-12-04,Semiconductors,SMH,Rank #1 End,1,2,2,Neutral,2,
2025-12-05,Semiconductors,SMH,Signal Change,Neutral,Bull,4,Bull,1,
2025-12-05,Semiconductors,SMH,Rank #1 Start,2,1,4,Bull,1,
2025-12-08,Semiconductors,SMH,Signal Change,Bull,Strong Bull,6,Strong Bull,1,
2025-12-09,Semiconductors,SMH,Signal Change,Strong Bull,Bull,4,Bull,1,
2025-12-12,Semiconductors,SMH,Signal Change,Bull,Neutral,2,Neutral,3,
2025-12-12,Semiconductors,SMH,Rank #1 End,1,3,2,Neutral,3,
2025-12-17,Semiconductors,SMH,Signal Change,Neutral,Bear,-4,Bear,6,
2025-12-19,Semiconductors,SMH,Signal Change,Bear,Bull,3,Bull,2,
2025-12-22,Semiconductors,SMH,Signal Change,Bull,Neutral,2,Neutral,4,
2025-12-24,Semiconductors,SMH,Signal Change,Neutral,Bull,3,Bull,4,
2025-12-26,Semiconductors,SMH,Rank #1 Start,4,1,5,Bull,1,
2026-01-05,Semiconductors,SMH,Rank #1 End,1,2,3,Bull,2,
2026-01-06,Semiconductors,SMH,Signal Change,Bull,Strong Bull,7,Strong Bull,1,
2026-01-06,Semiconductors,SMH,Rank #1 Start,2,1,7,Strong Bull,1,
2026-01-12,Semiconductors,SMH,Signal Change,Strong Bull,Bull,4,Bull,3,
2026-01-12,Semiconductors,SMH,Rank #1 End,1,3,4,Bull,3,
2026-01-15,Semiconductors,SMH,Signal Change,Bull,Strong Bull,6,Strong Bull,2,
2026-01-16,Semiconductors,SMH,Signal Change,Strong Bull,Bull,4,Bull,3,
2026-01-20,Semiconductors,SMH,Rank #1 Start,3,1,5,Bull,1,
2026-01-22,Semiconductors,SMH,Rank #1 End,1,2,4,Bull,2,
2026-01-23,Semiconductors,SMH,Rank #1 Start,2,1,5,Bull,1,
2026-01-27,Semiconductors,SMH,Signal Change,Bull,Strong Bull,7,Strong Bull,1,
2026-01-28,Semiconductors,SMH,Signal Change,Strong Bull,Bull,5,Bull,1,
2026-01-30,Semiconductors,SMH,Rank #1 End,1,2,3,Bull,2,
2026-02-03,Semiconductors,SMH,Signal Change,Bull,Neutral,2,Neutral,4,
2026-02-06,Semiconductors,SMH,Signal Change,Neutral,Bull,3,Bull,3,
2026-02-23,Semiconductors,SMH,Rank #1 Start,2,1,5,Bull,1,
2026-02-26,Semiconductors,SMH,Rank #1 End,1,2,3,Bull,2,
2026-03-02,Semiconductors,SMH,Signal Change,Bull,Neutral,2,Neutral,3,
2026-03-03,Semiconductors,SMH,Signal Change,Neutral,Strong Bear,-6,Strong Bear,4,
2026-03-04,Semiconductors,SMH,Signal Change,Strong Bear,Neutral,-2,Neutral,4,
2026-03-05,Semiconductors,SMH,Signal Change,Neutral,Bear,-3,Bear,7,
2026-03-10,Semiconductors,SMH,Signal Change,Bear,Neutral,-1,Neutral,5,
2026-03-12,Semiconductors,SMH,Signal Change,Neutral,Bear,-5,Bear,7,
2026-03-17,Semiconductors,SMH,Signal Change,Bear,Neutral,-2,Neutral,5,
2025-10-01,Technology,XLK,Rank #1 End,1,2,0,Neutral,2,
2025-10-09,Technology,XLK,Rank #1 Start,2,1,1,Neutral,1,
2025-10-10,Technology,XLK,Rank #1 End,1,3,0,Neutral,3,
2025-10-24,Technology,XLK,Rank #1 Start,2,1,1,Neutral,1,
2025-10-27,Technology,XLK,Rank #1 End,1,2,1,Neutral,2,
2025-10-28,Technology,XLK,Signal Change,Neutral,Bull,4,Bull,2,
2025-10-30,Technology,XLK,Signal Change,Bull,Neutral,2,Neutral,3,
2025-10-31,Technology,XLK,Rank #1 Start,3,1,2,Neutral,1,
2025-11-04,Technology,XLK,Rank #1 End,1,2,0,Neutral,2,
2025-11-17,Technology,XLK,Signal Change,Neutral,Bear,-3,Bear,7,
2025-11-28,Technology,XLK,Signal Change,Bear,Neutral,-1,Neutral,5,
2025-12-09,Technology,XLK,Signal Change,Neutral,Bull,4,Bull,1,
2025-12-09,Technology,XLK,Rank #1 Start,5,1,4,Bull,1,
2025-12-12,Technology,XLK,Signal Change,Bull,Neutral,-1,Neutral,5,
2025-12-12,Technology,XLK,Rank #1 End,1,5,-1,Neutral,5,
2025-12-17,Technology,XLK,Signal Change,Neutral,Bear,-4,Bear,6,
2025-12-19,Technology,XLK,Signal Change,Bear,Bull,3,Bull,2,
2025-12-23,Technology,XLK,Signal Change,Bull,Neutral,2,Neutral,4,
2025-12-24,Technology,XLK,Signal Change,Neutral,Bull,4,Bull,3,
2025-12-29,Technology,XLK,Rank #1 Start,2,1,3,Bull,1,
2025-12-30,Technology,XLK,Rank #1 End,1,2,3,Bull,2,
2025-12-31,Technology,XLK,Signal Change,Bull,Neutral,-1,Neutral,4,
2026-01-08,Technology,XLK,Signal Change,Neutral,Bear,-3,Bear,6,
2026-01-09,Technology,XLK,Signal Change,Bear,Neutral,1,Neutral,5,
2026-01-15,Technology,XLK,Signal Change,Neutral,Bull,3,Bull,5,
2026-01-20,Technology,XLK,Signal Change,Bull,Neutral,-1,Neutral,5,
2026-01-22,Technology,XLK,Signal Change,Neutral,Bull,3,Bull,3,
2026-01-26,Technology,XLK,Signal Change,Bull,Neutral,1,Neutral,4,
2026-01-27,Technology,XLK,Signal Change,Neutral,Bull,3,Bull,5,
2026-01-30,Technology,XLK,Signal Change,Bull,Neutral,-1,Neutral,3,
2026-02-02,Technology,XLK,Signal Change,Neutral,Bull,3,Bull,3,
2026-02-03,Technology,XLK,Signal Change,Bull,Bear,-3,Bear,7,
2026-02-04,Technology,XLK,Signal Change,Bear,Strong Bear,-6,Strong Bear,10,
2026-02-06,Technology,XLK,Signal Change,Strong Bear,Bear,-5,Bear,8,
2026-02-20,Technology,XLK,Signal Change,Bear,Neutral,-2,Neutral,5,
2026-02-23,Technology,XLK,Signal Change,Neutral,Bear,-3,Bear,5,
2026-03-13,Technology,XLK,Signal Change,Bear,Neutral,-2,Neutral,6,
2025-10-01,Utilities,XLU,Rank #1 End,1,2,0,Neutral,2,
2025-10-07,Utilities,XLU,Rank #1 Start,3,1,2,Neutral,1,
2025-10-17,Utilities,XLU,Rank #1 End,1,2,2,Neutral,2,
2025-11-05,Utilities,XLU,Signal Change,Neutral,Bear,-3,Bear,4,
2025-11-06,Utilities,XLU,Signal Change,Bear,Neutral,-1,Neutral,3,
2025-12-01,Utilities,XLU,Signal Change,Neutral,Bear,-3,Bear,6,
2025-12-05,Utilities,XLU,Signal Change,Bear,Strong Bear,-7,Strong Bear,7,
2025-12-08,Utilities,XLU,Signal Change,Strong Bear,Bear,-5,Bear,9,
2026-01-15,Utilities,XLU,Signal Change,Bear,Neutral,1,Neutral,7,
2026-01-27,Utilities,XLU,Signal Change,Neutral,Bull,3,Bull,5,
2026-02-02,Utilities,XLU,Signal Change,Bull,Neutral,-2,Neutral,6,
2026-02-03,Utilities,XLU,Signal Change,Neutral,Bull,3,Bull,3,
2026-02-04,Utilities,XLU,Signal Change,Bull,Neutral,-1,Neutral,8,
2026-02-06,Utilities,XLU,Signal Change,Neutral,Bull,3,Bull,3,
2026-02-12,Utilities,XLU,Signal Change,Bull,Strong Bull,7,Strong Bull,1,
2026-02-12,Utilities,XLU,Rank #1 Start,3,1,7,Strong Bull,1,
2026-02-18,Utilities,XLU,Signal Change,Strong Bull,Bull,4,Bull,2,
2026-02-18,Utilities,XLU,Rank #1 End,1,2,4,Bull,2,
2026-02-26,Utilities,XLU,Rank #1 Start,2,1,4,Bull,1,
2026-03-02,Utilities,XLU,Rank #1 End,1,2,3,Bull,2,
2026-03-06,Utilities,XLU,Rank #1 Start,2,1,5,Bull,1,
2026-03-09,Utilities,XLU,Rank #1 End,1,2,3,Bull,2,
